,Keyword,Cluster
0,google pixel xl,xl
1,google pixel xl specs,xl
2,google pixel xl 2,xl
3,google pixel xl case,xl
4,google pixel xl,xl
5,google pixel xl 4,xl
6,google pixel xl specs,xl
7,google pixel xl release date,xl
8,google pixel xl 2,xl
9,google pixel xl battery replacement,xl
10,google pixel xl case,xl
11,google pixel xl 3,xl
12,google pixel xl 4,xl
13,google pixel xl screen size,xl
14,google pixel xl release date,xl
15,google pixel xl price,xl
16,google pixel xl battery replacement,xl
17,google home vs alexa,vs
18,google pixel vs samsung s22,vs
19,google pixel vs samsung,vs
20,google home vs alexa vs apple,vs
21,google home vs google nest,vs
22,google pixel vs samsung galaxy,vs
23,google home hub vs nest hub,vs
24,google pixel vs samsung s21,vs
25,google home vs apple home,vs
26,google home mini vs nest mini,vs
27,google pixel vs oneplus,vs
28,google home vs apple homepod,vs
29,google pixel vs iphone 13 pro,vs
30,google pixel vs pixel pro,vs
31,google home wifi,wifi
32,google home not connecting to wifi,wifi
33,google home update wifi,wifi
34,google home wifi setup,wifi
35,google home change wifi,wifi
36,google home mini not connecting to wifi,wifi
37,google home wifi extender,wifi
38,google home won't connect to wifi,wifi
39,google home keeps disconnecting from wifi,wifi
40,google home new wifi,wifi
41,google home xfinity wifi,wifi
42,google home unable to connect to wifi,wifi
43,google pixel keeps restarting,keeps
44,google home keeps saying something went wrong,keeps
45,google home keeps disconnecting,keeps
46,google pixel keeps restarting loop,keeps
47,google home keeps restarting,keeps
48,google home keeps switching to away,keeps
49,google pixel keeps restarting itself,keeps
50,google home keeps disconnecting from wifi,keeps
51,google pixel just keeps restarting,keeps
52,google home keeps turning off,keeps
53,google pixel keeps turning off,keeps
54,google home keeps glitching,keeps
55,google home hub,hub
56,google home hub max,hub
57,google home hub,hub
58,google home z-wave hub,hub
59,google home nest hub,hub
60,google home zigbee hub,hub
61,google home hub vs nest hub,hub
62,google home hub stuck on g,hub
63,google home hub app,hub
64,google home hub price,hub
65,google home mini,mini
66,google home mini,mini
67,google home mini setup,mini
68,google home mini app,mini
69,google home mini factory reset,mini
70,google home nest mini,mini
71,google pixel mini,mini
72,google home mini not connecting to wifi,mini
73,google home mini vs nest mini,mini
74,google home mini price,mini
75,google home app,app
76,google home app,app
77,google home app for pc,app
78,google home app download,app
79,google home app,app
80,google home vs alexa vs apple,app
81,google home mini app,app
82,google home app iphone,app
83,google home vs apple home,app
84,google pixel keyboard not appearing,app
85,google home hub app,app
86,google home vs apple homepod,app
87,google home app for android,app
88,google home nest app,app
89,google home zegt het apparaat is geupdate,app
90,google home youtube,youtube
91,google pixel youtube,youtube
92,google home youtube music,youtube
93,google pixel youtube premium,youtube
94,google home youtube tv,youtube
95,google home youtube premium,youtube
96,google pixel youtube picture in picture,youtube
97,google home youtube music premium,youtube
98,google home youtube music commands,youtube
99,google home youtube history,youtube
100,google home update,update
101,google pixel update,update
102,google home update wifi,update
103,google pixel update issues,update
104,google home update 2022,update
105,google pixel january update,update
106,google pixel march update,update
107,google pixel update schedule,update
108,google pixel yellow update,update
109,google home zegt het apparaat is geupdate,update
110,google pixel buds,buds
111,google pixel earbuds,buds
112,google pixel buds a series,buds
113,google pixel buds pro,buds
114,google pixel earbuds 2,buds
115,google pixel usb-c earbuds,buds
116,google pixel buds 2,buds
117,google pixel earbuds review,buds
118,google pixel buds review,buds
119,google pixel buds translate,buds
120,google pixel usb-ctm earbuds,buds
121,google pixel buds 3,buds
122,google pixel buds,buds
123,google pixel buds case,buds
124,google pixel earbuds noise cancelling,buds
125,google pixel headphones,phone
126,google pixel latest phone,phone
127,google pixel phone,phone
128,google pixel find my phone,phone
129,google home iphone,phone
130,google pixel headphone jack,phone
131,google pixel new phone,phone
132,google pixel earphones,phone
133,google pixel phone case,phone
134,google home app iphone,phone
135,google home on iphone,phone
136,google home phone,phone
137,google pixel help phone number,phone
138,google pixel flip phone,phone
139,google pixel or iphone,phone
140,google pixel phones for sale,phone
141,google pixel headphone adapter,phone
142,google pixel vs iphone 13 pro,phone
143,google home find my phone,phone
144,google home nest,nest
145,google home nest hub,nest
146,google home vs google nest,nest
147,google home hub vs nest hub,nest
148,google home nest mini,nest
149,google home mini vs nest mini,nest
150,google home nest thermostat,nest
151,google home nest app,nest
152,google home quick phrases,quick
153,google pixel quick switch adapter,quick
154,google pixel quick charge,quick
155,google home quick actions,quick
156,google pixel quick settings,quick
157,google home quick gestures,quick
158,google home quick settings,quick
159,google pixel quick tap,quick
160,google home products,pro
161,google pixel 6 pro,pro
162,google pixel pro,pro
163,google pixel buds pro,pro
164,google pixel pro 6,pro
165,google pixel pro 6 case,pro
166,google pixel vs iphone 13 pro,pro
167,google pixel promo code,pro
168,google pixel pro 6 review,pro
169,google pixel vs pixel pro,pro
170,google pixel keep screen on,screen
171,google home screen,screen
172,google pixel zoom screen,screen
173,google home with screen,screen
174,google pixel how to screenshot,screen
175,google pixel screenshot,screen
176,google pixel lock screen clock,screen
177,google pixel home screen,screen
178,google pixel screen repair,screen
179,google pixel xl screen size,screen
180,google home speaker,speaker
181,google home jbl speaker,speaker
182,google home voice activated speaker,speaker
183,google home bluetooth speaker,speaker
184,google home smart speaker,speaker
185,google home speaker,speaker
186,google home outdoor speaker,speaker
187,google home xbox commands,xbox
188,google home xbox,xbox
189,google home xbox one,xbox
190,google home xbox no devices found,xbox
191,google home xbox series s,xbox
192,google home xbox voice commands,xbox
193,google home xbox not responding,xbox
194,google pixel watch,watch
195,google pixel watch release date,watch
196,google home galaxy watch 4,watch
197,google pixel smartwatch,watch
198,google pixel watch,watch
199,google pixel watch price,watch
200,google pixel watch,watch
201,google home on galaxy watch 4,watch
202,google home not working,working
203,google home personal results not working,working
204,google pixel group text not working,working
205,google home group not working,working
206,google pixel just stopped working,working
207,google pixel keyboard not working,working
208,google pixel text notifications not working,working
209,google home devices,devices
210,google home devices,devices
211,google home compatible devices,devices
212,google home xbox no devices found,devices
213,google home group devices,devices
214,google home devices list,devices
215,google home for pc,pc
216,google home on pc,pc
217,google home app for pc,pc
218,google home pc,pc
219,google pixel metropcs,pc
220,google home login pc,pc
221,google home for pc,pc
222,google pixel earbuds,earbuds
223,google pixel earbuds 2,earbuds
224,google pixel usb-c earbuds,earbuds
225,google pixel earbuds review,earbuds
226,google pixel usb-ctm earbuds,earbuds
227,google pixel earbuds noise cancelling,earbuds
228,google pixel case,case
229,google pixel xl case,case
230,google pixel phone case,case
231,google pixel xl case,case
232,google pixel pro 6 case,case
233,google pixel buds case,case
234,google pixel keyboard,keyboard
235,google pixel keyboard settings,keyboard
236,google pixel keyboard not appearing,keyboard
237,google pixel keyboard floating,keyboard
238,google pixel japanese keyboard,keyboard
239,google pixel keyboard not working,keyboard
240,google home price,price
241,google pixel price,price
242,google pixel watch price,price
243,google home mini price,price
244,google home hub price,price
245,google pixel xl price,price
246,google home xbox commands,commands
247,google home commands,commands
248,google home xbox voice commands,commands
249,google home youtube music commands,commands
250,google home light commands,commands
251,google pixel charger,charger
252,google pixel charger type,charger
253,google pixel fast charger,charger
254,google pixel wireless charger,charger
255,google pixel qi charger,charger
256,google pixel keeps restarting,restarting
257,google pixel keeps restarting loop,restarting
258,google home keeps restarting,restarting
259,google pixel keeps restarting itself,restarting
260,google pixel just keeps restarting,restarting
261,google pixel support,support
262,google pixel years of support,support
263,google pixel tech support,support
264,google home support,support
265,google home tech support,support
266,google pixel vs samsung s22,samsung
267,google pixel or samsung galaxy,samsung
268,google pixel vs samsung,samsung
269,google pixel vs samsung galaxy,samsung
270,google pixel vs samsung s21,samsung
271,google home light bulbs,light
272,google home light switch,light
273,google home orange light,light
274,google home yellow light,light
275,google home lights,light
276,google home ungroup lights,light
277,google home group lights,light
278,google home lights not responding,light
279,google home under cabinet lighting,light
280,google home light commands,light
281,google home devices,device
282,google home unable to access device settings,device
283,google home remove device,device
284,google home devices,device
285,google home compatible devices,device
286,google home unable to enable device pairing,device
287,google home xbox no devices found,device
288,google home group devices,device
289,google pixel your device is corrupted,device
290,google home devices list,device
291,google home delete device,device
292,google home factory reset,reset
293,google home reset,reset
294,google pixel hard reset,reset
295,google home mini factory reset,reset
296,google pixel factory reset,reset
297,google home iphone,iphone
298,google home app iphone,iphone
299,google home on iphone,iphone
300,google pixel or iphone,iphone
301,google pixel vs iphone 13 pro,iphone
302,google home ungroup lights,group
303,google home group lights,group
304,google home group devices,group
305,google pixel group text not working,group
306,google home group,group
307,google home group not working,group
308,google pixel just went black,just
309,google home just showing g,just
310,google pixel just showing g,just
311,google pixel just keeps restarting,just
312,google pixel just stopped working,just
313,google home camera,camera
314,google pixel camera,camera
315,google home camera system,camera
316,google home indoor camera,camera
317,google home login,login
318,google home login,login
319,google home login online,login
320,google home login pc,login
321,google pixel review,review
322,google pixel earbuds review,review
323,google pixel buds review,review
324,google pixel reviews 2022,review
325,google pixel pro 6 review,review
326,google home chromecast,chromecast
327,google home can't find chromecast,chromecast
328,google home not finding chromecast,chromecast
329,google home set up chromecast,chromecast
330,google home unable to access device settings,settings
331,google pixel keyboard settings,settings
332,google pixel quick settings,settings
333,google home quick settings,settings
334,google pixel or samsung galaxy,galaxy
335,google home galaxy watch 4,galaxy
336,google pixel vs samsung galaxy,galaxy
337,google home on galaxy watch 4,galaxy
338,google pixel watch release date,release
339,google pixel xl release date,release
340,google pixel release date,release
341,google pixel xl release date,release
342,google home update,date
343,google pixel update,date
344,google pixel watch release date,date
345,google home update wifi,date
346,google pixel update issues,date
347,google home update 2022,date
348,google pixel january update,date
349,google pixel xl release date,date
350,google pixel march update,date
351,google pixel release date,date
352,google pixel update schedule,date
353,google pixel yellow update,date
354,google pixel xl release date,date
355,google home zegt het apparaat is geupdate,date
356,google pixel yellow,yellow
357,google home yellow light,yellow
358,google pixel yellow tint,yellow
359,google pixel yellow update,yellow
360,google pixel tablet 2022,2022
361,google home easter eggs 2022,2022
362,google home update 2022,2022
363,google pixel reviews 2022,2022
364,google home lights,lights
365,google home ungroup lights,lights
366,google home group lights,lights
367,google home lights not responding,lights
368,google pixel repair near me,repair
369,google pixel repair nyc,repair
370,google pixel screen repair,repair
371,google pixel repair,repair
372,google home voice activated speaker,voice
373,google pixel voicemail,voice
374,google home voices,voice
375,google home jarvis voice,voice
376,google home voice match,voice
377,google home xbox voice commands,voice
378,google pixel unlocked,lock
379,google home yale lock,lock
380,google pixel unlock code,lock
381,google home door lock,lock
382,google home lock,lock
383,google home clock,lock
384,google pixel face unlock,lock
385,google pixel lock screen clock,lock
386,google pixel deals unlocked,lock
387,google home bluetooth,bluetooth
388,google home bluetooth pairing,bluetooth
389,google home bluetooth speaker,bluetooth
390,google home qr code,code
391,google pixel unlock code,code
392,google pixel promo code,code
393,google home vs alexa,alexa
394,google home vs alexa vs apple,alexa
395,google home or alexa,alexa
396,google home z wave,wave
397,google home z-wave hub,wave
398,google home z wave or zigbee,wave
399,google home z wave compatible,wave
400,google pixel latest phone,latest
401,google pixel latest,latest
402,google pixel latest version,latest
403,google pixel tablet,tablet
404,google home tablet,tablet
405,google pixel tablet 2022,tablet
406,google pixel zoom,zoom
407,google pixel zoom screen,zoom
408,google home zoom,zoom
409,google home doorbell,doorbell
410,google home eufy doorbell,doorbell
411,google home ring doorbell,doorbell
412,google home for mac,mac
413,google home on mac,mac
414,google home mac,mac
415,google home hub max,max
416,google home max,max
417,google home max,max
418,google home kids,kids
419,google home for kids,kids
420,google home games for kids,kids
421,google home security,security
422,google home security system,security
423,google home security,security
424,google home unable to access device settings,unable
425,google home unable to enable device pairing,unable
426,google home unable to connect to wifi,unable
427,google home youtube music,music
428,google home youtube music premium,music
429,google home youtube music commands,music
430,google home zigbee,zigbee
431,google home zigbee hub,zigbee
432,google home z wave or zigbee,zigbee
433,google pixel buds a series,series
434,google pixel a series,series
435,google home xbox series s,series
436,google pixel find my phone,find
437,google home can't find chromecast,find
438,google home not finding chromecast,find
439,google home find my phone,find
440,google pixel help,help
441,google home help,help
442,google pixel help phone number,help
443,google pixel question mark battery,battery
444,google pixel xl battery replacement,battery
445,google pixel xl battery replacement,battery
446,google pixel xl specs,specs
447,google pixel xl specs,specs
448,google pixel specs,specs
449,google home factory reset,factory
450,google home mini factory reset,factory
451,google pixel factory reset,factory
452,google home mini setup,setup
453,google home wifi setup,setup
454,google home setup,setup
455,google home vs alexa vs apple,apple
456,google home vs apple home,apple
457,google home vs apple homepod,apple
458,google pixel for sale,sale
459,google pixel phones for sale,sale
460,google home for sale,sale
461,google pixel not charging,charging
462,google pixel wireless charging,charging
463,google pixel adaptive charging,charging
464,google pixel operating system,system
465,google home ecosystem,system
466,google home security system,system
467,google home camera system,system
468,google pixel youtube premium,premium
469,google home youtube premium,premium
470,google home youtube music premium,premium
471,google home desktop,desktop
472,google home for desktop,desktop
473,google home on desktop,desktop
474,google home history,history
475,google home youtube history,history
476,google pixel history,history
477,google pixel newest,new
478,google pixel new phone,new
479,google pixel new,new
480,google home new wifi,new
481,google pixel store,store
482,google pixel google store,store
483,google home store,store
484,google home lights not responding,responding
485,google home not responding,responding
486,google home xbox not responding,responding
487,google pixel update issues,issues
488,google home issues,issues
489,google pixel issues,issues
490,google home can't find chromecast,n't
491,google pixel won't turn on,n't
492,google home won't connect to wifi,n't
493,google pixel buds translate,translate
494,google pixel translate,translate
495,google pixel live translate,translate
496,google pixel commercial,commercial
497,google pixel nba commercial,commercial
498,google pixel lizzo commercial,commercial
499,google home easter eggs,easter
500,google home easter eggs 2022,easter
501,google home easter eggs,eggs
502,google home easter eggs 2022,eggs
503,google home games,games
504,google home games for kids,games
505,google home internet,internet
506,google home internet connection,internet
507,google home jobs,jobs
508,google pixel jobs,jobs
509,google homepage,homepage
510,google homepage,homepage
511,google home qr code,qr
512,google pixel qr scanner,qr
513,google home thermostat,thermostat
514,google home nest thermostat,thermostat
515,google pixel deals,deals
516,google pixel deals unlocked,deals
517,google home,go
518,google pixel,go
519,google home app,go
520,google home app,go
521,google home bluetooth,go
522,google home camera,go
523,google home devices,go
524,google home easter eggs,go
525,google home for pc,go
526,google home games,go
527,google home hub,go
528,google home internet,go
529,google home jobs,go
530,google home kit,go
531,google home login,go
532,google home mini,go
533,google home nest,go
534,google home on pc,go
535,google homepage,go
536,google home qr code,go
537,google home router,go
538,google home speaker,go
539,google home thermostat,go
540,google home update,go
541,google home vs alexa,go
542,google home wifi,go
543,google home xbox commands,go
544,google home youtube,go
545,google home z wave,go
546,google pixel 6,go
547,google pixel art,go
548,google pixel buds,go
549,google pixel charger,go
550,google pixel deals,go
551,google pixel earbuds,go
552,google pixel fold,go
553,google pixel go,go
554,google pixel headphones,go
555,google pixel india,go
556,google pixel jobs,go
557,google pixel keeps restarting,go
558,google pixel latest phone,go
559,google pixel market share,go
560,google pixel notepad,go
561,google pixel os,go
562,google pixel phone,go
563,google pixel qr scanner,go
564,google pixel review,go
565,google pixel support,go
566,google pixel tablet,go
567,google pixel unlocked,go
568,google pixel vs samsung s22,go
569,google pixel watch,go
570,google pixel xl,go
571,google pixel youtube,go
572,google pixel zoom,go
573,google home mini,go
574,google home app for pc,go
575,google home broadcast,go
576,google home chromecast,go
577,google home doorbell,go
578,google home extension,go
579,google home for mac,go
580,google home garage door opener,go
581,google home hub max,go
582,google home intercom,go
583,google home jailbreak,go
584,google home kids,go
585,google home light bulbs,go
586,google home max,go
587,google home not connecting to wifi,go
588,google home online,go
589,google home products,go
590,google home quick phrases,go
591,google home routines,go
592,google home security,go
593,google home tablet,go
594,google home unable to access device settings,go
595,google home video,go
596,google home website,go
597,google home xbox,go
598,google home youtube music,go
599,google home zigbee,go
600,google pixel 6 pro,go
601,google pixel ad,go
602,google pixel buds a series,go
603,google pixel customer service,go
604,google pixel dual sim,go
605,google pixel emojis,go
606,google pixel find my phone,go
607,google pixel go laptop,go
608,google pixel help,go
609,google pixel instagram,go
610,google pixel japan,go
611,google pixel keep screen on,go
612,google pixel logo,go
613,google pixel models,go
614,google pixel newest,go
615,google pixel or samsung galaxy,go
616,google pixel pro,go
617,google pixel question mark battery,go
618,google pixel reddit,go
619,google pixel stand,go
620,google pixel trade in,go
621,google pixel update,go
622,google pixel vs samsung,go
623,google pixel watch release date,go
624,google pixel xl specs,go
625,google pixel yellow,go
626,google pixel zip file,go
627,google home hub,go
628,google home app download,go
629,google home button,go
630,google home customer service,go
631,google home display,go
632,google home extender,go
633,google home factory reset,go
634,google home galaxy watch 4,go
635,google home help,go
636,google home iphone,go
637,google home jbl,go
638,google home keeps saying something went wrong,go
639,google home light switch,go
640,google home mini setup,go
641,google home not working,go
642,google home orange light,go
643,google home pc,go
644,google home app,go
645,google home reset,go
646,google home screen,go
647,google home tv,go
648,google home update wifi,go
649,google home vs alexa vs apple,go
650,google home wifi setup,go
651,google home xm radio,go
652,google home yellow light,go
653,google home z-wave hub,go
654,google pixel 7,go
655,google pixel accessories,go
656,google pixel buds pro,go
657,google pixel case,go
658,google pixel dimensions,go
659,google pixel earbuds 2,go
660,google pixel for sale,go
661,google pixel game,go
662,google pixel headphone jack,go
663,google pixel insurance,go
664,google pixel jack,go
665,google pixel keyboard,go
666,google pixel laptop,go
667,google pixel magic eraser,go
668,google pixel not charging,go
669,google pixel operating system,go
670,google pixel pro 6,go
671,google pixel quick switch adapter,go
672,google pixel return policy,go
673,google pixel slate,go
674,google pixel tablet 2022,go
675,google pixel usb-c earbuds,go
676,google pixel verizon,go
677,google pixel warranty,go
678,google pixel xl 2,go
679,google pixel youtube premium,go
680,google pixel zoom screen,go
681,google home max,go
682,google home assistant,go
683,google home browser,go
684,google home change wifi,go
685,google home desktop,go
686,google home easter eggs 2022,go
687,google home for windows 10,go
688,google home guest mode,go
689,google home history,go
690,google home icon,go
691,google home jokes,go
692,google home keeps disconnecting,go
693,google home lights,go
694,google home mini app,go
695,google home nest hub,go
696,google home on mac,go
697,google home price,go
698,google home questions,go
699,google home remove device,go
700,google home setup,go
701,google home there was a glitch,go
702,google home ungroup lights,go
703,google home vs google nest,go
704,google home widget,go
705,google home xfinity,go
706,google home youtube tv,go
707,google home zigbee hub,go
708,google pixel 5,go
709,google pixel att,go
710,google pixel buds 2,go
711,google pixel camera,go
712,google pixel developer options,go
713,google pixel earbuds review,go
714,google pixel fingerprint,go
715,google pixel generations,go
716,google pixel hard reset,go
717,google pixel imei,go
718,google pixel jailbreak,go
719,google pixel keeps restarting loop,go
720,google pixel latest,go
721,google pixel metropcs,go
722,google pixel new phone,go
723,google pixel order,go
724,google pixel price,go
725,google pixel quick charge,go
726,google pixel repair near me,go
727,google pixel store,go
728,google pixel t mobile,go
729,google pixel unlimited storage,go
730,google pixel vs samsung galaxy,go
731,google pixel wireless charging,go
732,google pixel xl case,go
733,google pixel years,go
734,google pixel xl,go
735,google home devices,go
736,google home advisor,go
737,google home bluetooth pairing,go
738,google home compatible devices,go
739,google home depot,go
740,google home ecosystem,go
741,google home free,go
742,google home group lights,go
743,google home hub vs nest hub,go
744,google home instructions,go
745,google home jbl speaker,go
746,google home keeps restarting,go
747,google home lights not responding,go
748,google home mini factory reset,go
749,google home nest mini,go
750,google home or alexa,go
751,google homepod,go
752,google home quiet mode,go
753,google home remote,go
754,google home security system,go
755,google home two dots,go
756,google home unable to enable device pairing,go
757,google home voice activated speaker,go
758,google home with screen,go
759,google home xbox one,go
760,google home your network is offline,go
761,google home zoom,go
762,google pixel 5a,go
763,google pixel a series,go
764,google pixelbook,go
765,google pixel c,go
766,google pixel data transfer,go
767,google pixel earphones,go
768,google pixel factory reset,go
769,google pixel green box,go
770,google pixel hotspot,go
771,google pixel imei check,go
772,google pixel just went black,go
773,google pixel keyboard settings,go
774,google pixel launcher,go
775,google pixel mini,go
776,google pixel no command,go
777,google pixel overheating,go
778,google pixel phone case,go
779,google pixel quality,go
780,google pixel repair nyc,go
781,google pixel six,go
782,google pixel twitter,go
783,google pixel update issues,go
784,google pixel vs samsung s21,go
785,google pixel wallpaper,go
786,google pixel xl 4,go
787,google pixel years of support,go
788,google pixel xl specs,go
789,google home login,go
790,google home app iphone,go
791,google home bluetooth speaker,go
792,google home can't find chromecast,go
793,google home download,go
794,google home eufy doorbell,go
795,google home for desktop,go
796,google home glitch,go
797,google home hub stuck on g,go
798,google home issues,go
799,google home just showing g,go
800,google home korean,go
801,google home login online,go
802,google home mini not connecting to wifi,go
803,google home not finding chromecast,go
804,google home on iphone,go
805,google home phone,go
806,google home quick actions,go
807,google home relaxing sounds,go
808,google home smart speaker,go
809,google home temperature sensor,go
810,google home update 2022,go
811,google home vs apple home,go
812,google home wifi extender,go
813,google home xbox no devices found,go
814,google home yale lock,go
815,google home zones,go
816,google pixel 6a,go
817,google pixel android,go
818,google pixel buds review,go
819,google pixel charger type,go
820,google pixel dongle,go
821,google pixel expandable storage,go
822,google pixel fast charger,go
823,google pixel google store,go
824,google pixel help phone number,go
825,google pixel images,go
826,google pixel january update,go
827,google pixel keyboard not appearing,go
828,google pixel latest version,go
829,google pixel manufacturer,go
830,google pixel not receiving texts,go
831,google pixel offers,go
832,google pixel pass,go
833,google pixel quick settings,go
834,google pixel real tone,go
835,google pixel smartwatch,go
836,google pixel tech support,go
837,google pixel unlock code,go
838,google pixel voicemail,go
839,google pixel won't turn on,go
840,google pixel xl release date,go
841,google pixel yellow tint,go
842,google pixel xl 2,go
843,google home speaker,go
844,google home apk,go
845,google home best buy,go
846,google home commands,go
847,google home door lock,go
848,google home equalizer,go
849,google home features,go
850,google home group devices,go
851,google home holder,go
852,google home ifttt,go
853,google home jeopardy,go
854,google home keeps switching to away,go
855,google home lock,go
856,google home mini vs nest mini,go
857,google home not responding,go
858,google home outlet,go
859,google home personal results not working,go
860,google home qos,go
861,google home run derby,go
862,google home support,go
863,google home tricks,go
864,google home uses,go
865,google home voices,go
866,google home won't connect to wifi,go
867,google home xbox series s,go
868,google home youtube premium,go
869,google home z wave or zigbee,go
870,google pixel 4a,go
871,google pixel amazon,go
872,google pixel buds translate,go
873,google pixel commercial,go
874,google pixel do not disturb,go
875,google pixel esim,go
876,google pixel flip phone,go
877,google pixel group text not working,go
878,google pixel how to screenshot,go
879,google pixel issues,go
880,google pixel just showing g,go
881,google pixel keeps restarting itself,go
882,google pixel live wallpaper,go
883,google pixel messages not downloading,go
884,google pixel new,go
885,google pixel or iphone,go
886,google pixel phones for sale,go
887,google pixel watch,go
888,google pixel refurbished,go
889,google pixel screenshot,go
890,google pixel translate,go
891,google pixel usb-ctm earbuds,go
892,google pixel vs oneplus,go
893,google pixel watch price,go
894,google pixel xl battery replacement,go
895,google pixel youtube picture in picture,go
896,google pixel xl case,go
897,google homepage,go
898,google home accessories,go
899,google home baby monitor,go
900,google home clock,go
901,google home down,go
902,google home equipment,go
903,google home for sale,go
904,google home group,go
905,google home hub app,go
906,google home images,go
907,google home jarvis,go
908,google home keeps disconnecting from wifi,go
909,google home login pc,go
910,google home mac,go
911,google home new wifi,go
912,google home outdoor speaker,go
913,google home power cord,go
914,google home quick gestures,go
915,google home ring doorbell,go
916,google home store,go
917,google home tidal,go
918,google home under cabinet lighting,go
919,google home vs apple homepod,go
920,google home white noise,go
921,google home xfinity wifi,go
922,google home youtube music premium,go
923,google home z wave compatible,go
924,google pixel watch,go
925,google pixel a,go
926,google pixel buds 3,go
927,google pixel chromebook,go
928,google pixel dark skin,go
929,google pixel emergency sos,go
930,google pixel face unlock,go
931,google pixel green dot,go
932,google pixel headphone adapter,go
933,google pixel insurance claim,go
934,google pixel just keeps restarting,go
935,google pixel keyboard floating,go
936,google pixel lock screen clock,go
937,google pixel march update,go
938,google pixel near me,go
939,google pixel otterbox,go
940,google pixel pro 6 case,go
941,google pixel questions,go
942,google pixel release date,go
943,google pixel stand (2nd gen),go
944,google pixel themes,go
945,google pixel used,go
946,google pixel vs iphone 13 pro,go
947,google pixel warranty claim,go
948,google pixel xl 3,go
949,google pixel your device is corrupted,go
950,google pixel xl 4,go
951,google home for pc,go
952,google home app for android,go
953,google home blinds,go
954,google home camera system,go
955,google home devices list,go
956,google home ebay,go
957,google home for kids,go
958,google home games for kids,go
959,google home home assistant,go
960,google home indoor camera,go
961,google home jarvis voice,go
962,google home keeps turning off,go
963,google home logo,go
964,google home mini price,go
965,google home nest thermostat,go
966,google home on desktop,go
967,google home plug,go
968,google home quick settings,go
969,google home roku,go
970,google home smart plug,go
971,google home troubleshooting,go
972,google home unable to connect to wifi,go
973,google home voice match,go
974,google home web interface,go
975,google home xbox voice commands,go
976,google home youtube music commands,go
977,google home zur√ºcksetzen,go
978,google pixel buds,go
979,google pixel adaptive charging,go
980,google pixel buds case,go
981,google pixel comparison,go
982,google pixel deals unlocked,go
983,google pixel ebay,go
984,google pixel font,go
985,google pixel gestures,go
986,google pixel home screen,go
987,google pixel icons,go
988,google pixel japanese keyboard,go
989,google pixel keeps turning off,go
990,google pixel live translate,go
991,google pixel models by year,go
992,google pixel nba commercial,go
993,google pixel one,go
994,google pixel promo code,go
995,google pixel quick tap,go
996,google pixel reviews 2022,go
997,google pixel screen repair,go
998,google pixel transfer tool,go
999,google pixel update schedule,go
1000,google pixel versions,go
1001,google pixel wireless charger,go
1002,google pixel xl screen size,go
1003,google pixel yellow update,go
1004,google pixel xl release date,go
1005,google home security,go
1006,google home account,go
1007,google home bundle,go
1008,google home control,go
1009,google home delete device,go
1010,google home ethernet,go
1011,google home find my phone,go
1012,google home group not working,go
1013,google home hub price,go
1014,google home internet connection,go
1015,google home jokes list,go
1016,google home keeps glitching,go
1017,google home light commands,go
1018,google home mesh,go
1019,google home nest app,go
1020,google home on galaxy watch 4,go
1021,google home playground,go
1022,google home qobuz,go
1023,google home reminders,go
1024,google home set up chromecast,go
1025,google home tech support,go
1026,google home ui,go
1027,google home volume control,go
1028,google home wall mount,go
1029,google home xbox not responding,go
1030,google home youtube history,go
1031,google home zegt het apparaat is geupdate,go
1032,google pixel 4,go
1033,google pixel airpods,go
1034,google pixel best buy,go
1035,google pixel colors,go
1036,google pixel drivers,go
1037,google pixel earbuds noise cancelling,go
1038,google pixel features,go
1039,google pixel g-2pw4100,go
1040,google pixel history,go
1041,google pixel icon meanings,go
1042,google pixel just stopped working,go
1043,google pixel keyboard not working,go
1044,google pixel lizzo commercial,go
1045,google pixel messages,go
1046,google pixel not downloading mms,go
1047,google pixel original,go
1048,google pixel pro 6 review,go
1049,google pixel qi charger,go
1050,google pixel repair,go
1051,google pixel specs,go
1052,google pixel text notifications not working,go
1053,google pixel upgrade,go
1054,google pixel vs pixel pro,go
1055,google pixel wiki,go
1056,google pixel xl price,go
1057,google pixel y,go
1058,google pixel xl battery replacement,go
1059,google pixel unlocked,unlocked
1060,google pixel deals unlocked,unlocked
1061,google home doorbell,door
1062,google home garage door opener,door
1063,google home eufy doorbell,door
1064,google home door lock,door
1065,google home outdoor speaker,door
1066,google home ring doorbell,door
1067,google home indoor camera,door
1068,google home jailbreak,jailbreak
1069,google pixel jailbreak,jailbreak
1070,google home not connecting to wifi,connecting
1071,google home keeps disconnecting,connecting
1072,google home mini not connecting to wifi,connecting
1073,google home keeps disconnecting from wifi,connecting
